CASE;SERIAL;REF;QUESTNNR;MODE;STARTED;GR01_01;GR01_02;GR01_03;GR01_04;GR01_05;GR01_06;GR01_07;GR01_08;KL01_03;KL01_01;KL01_04;KL01_05;KL01_02;KL01_06;KL01_07;KL01_08;QN01;QN02;QN03;QN04;QN05;QQ01;QQ02;QQ03;QQ04;QQ05;RD01_CP;RD01;RD02;RD08_CP;RD08;SD05;SD06_01;SD10;SD10_09;TIME001;TIME002;TIME005;TIME007;TIME009;TIME011;TIME012;TIME013;TIME014;TIME015;TIME017;TIME018;TIME019;TIME020;TIME021;TIME_SUM;MAILSENT;LASTDATA;FINISHED;Q_VIEWER;LASTPAGE;MAXPAGE;MISSING;MISSREL;TIME_RSI
132;;;qnr2;interview;11.11.2024 14:07;3;3;2;3;3;3;3;3;;;;;;;;;3;3;3;3;3;3;2;3;3;3;19;1;1;4;4;1;22;7;;10;3;14;;;26;25;26;31;26;;11;20;26;8;226;;11.11.2024 14:10;1;0;21;21;0;0;1,13
133;;;qnr2;interview;11.11.2024 14:12;3;3;3;3;3;3;3;3;;;;;;;;;3;3;3;3;3;3;3;3;3;3;19;2;1;4;3;1;22;7;;10;6;;10;;26;69;37;27;26;;21;39;45;4;280;;11.11.2024 14:18;1;0;21;21;0;0;0,95
134;;;qnr2;interview;11.11.2024 14:13;;;;;;;;;;;;;;;;;;3;2;3;3;;3;3;3;3;20;1;1;4;2;;;;;14;8;32;;;48;33;26;33;;;;;;;194;;11.11.2024 14:16;0;0;14;14;0;0;0,69
137;;;qnr2;interview;11.11.2024 14:16;3;3;3;3;3;3;3;3;;;;;;;;;3;3;3;3;3;3;3;3;3;3;20;2;1;4;1;2;24;8;;2;4;;10;;27;31;32;26;27;;90;41;43;2;262;;11.11.2024 14:22;1;0;21;21;0;0;1,25
138;;;qnr2;interview;11.11.2024 14:16;3;3;2;2;3;3;4;2;1;4;5;4;3;5;3;1;;;;;;;;;;;20;3;1;4;6;1;22;7;;2;3;;;1;;;;;;17;14;33;1;;71;;11.11.2024 14:17;0;0;20;20;0;0;2,11
139;;;qnr2;interview;11.11.2024 14:20;3;3;2;3;3;3;3;3;;;;;;;;;3;2;3;3;3;3;1;3;3;3;21;1;1;4;8;1;22;7;;3;4;2;;;27;26;26;27;27;;16;35;9;1;203;;11.11.2024 14:23;1;0;21;21;0;0;1,66
144;;;qnr2;interview;11.11.2024 14:24;3;3;2;2;4;3;3;3;;;;;;;;;3;2;3;3;3;3;1;3;3;3;22;2;1;5;10;1;21;7;;34;42;;20;;32;26;30;26;32;;12;32;35;4;259;;11.11.2024 14:29;1;0;21;21;0;0;0,91
145;;;qnr2;interview;11.11.2024 14:24;3;3;2;3;3;3;3;3;1;1;4;4;5;5;1;1;;;;;;;;;;;21;3;1;5;6;1;18;1;;24;16;;;2;;;;;;54;32;74;9;14;195;;11.11.2024 14:28;1;0;21;21;0;0;1,06
146;;;qnr2;interview;11.11.2024 14:25;3;3;2;2;3;3;3;2;;;;;;;;;2;2;2;3;3;2;2;2;3;3;21;2;1;4;10;1;20;7;;4;2;;3;;26;26;35;35;33;;13;32;4;2;215;;11.11.2024 14:28;1;0;21;21;0;0;1,59
147;;;qnr2;interview;11.11.2024 14:25;;;;;;;;;;;;;;;;;;;3;3;;;;3;3;;22;1;1;5;4;;;;;2;2;6;;;33;25;;;;;;;;;68;;11.11.2024 14:26;0;0;12;12;0;0;1,79
148;;;qnr2;interview;11.11.2024 14:25;3;3;2;3;3;3;4;3;3;4;4;3;3;5;2;1;;;;;;;;;;;22;3;1;5;1;2;19;7;;7;4;;;15;;;;;;76;24;47;53;13;196;;11.11.2024 14:29;1;0;21;21;0;0;0,65
149;;;qnr2;interview;11.11.2024 14:26;2;4;1;3;3;4;4;3;;;;;;;;;3;1;3;3;3;3;1;3;3;3;23;1;1;5;8;1;20;7;;1;2;1;;;27;26;26;26;26;;12;71;5;12909;227;;11.11.2024 18:05;0;0;21;21;0;0;1,56
150;;;qnr2;interview;11.11.2024 14:27;3;3;2;3;3;3;4;3;;;;;;;;;2;2;3;3;3;2;3;3;3;3;23;2;1;5;2;1;20;7;;16;11;;22;;43;34;33;32;26;;20;48;24;7;309;;11.11.2024 14:32;1;0;21;21;0;0;0,8
151;;;qnr2;interview;11.11.2024 14:27;2;3;2;1;3;3;3;3;4;3;5;2;5;4;2;1;;;;;;;;;;;23;3;1;5;9;1;20;7;;13;4;;;9;;;;;;26;16;98;87;6;259;;11.11.2024 14:32;1;0;21;21;0;0;0,75
152;;;qnr2;interview;11.11.2024 14:28;3;3;2;3;3;3;3;3;;;;;;;;;3;3;3;3;3;3;3;3;3;3;24;1;1;5;7;1;21;7;;8;3;9;;;29;27;26;30;28;;12;34;30;4;240;;11.11.2024 14:32;1;0;21;21;0;0;1,1
153;;;qnr2;interview;11.11.2024 14:32;3;3;3;3;3;3;3;3;;;;;;;;;3;3;3;3;3;3;3;3;3;3;24;2;1;5;5;1;19;7;;3;3;;27;;39;26;26;26;27;;14;27;52;3;273;;11.11.2024 14:37;1;0;21;21;0;0;1,16
154;;;qnr2;interview;11.11.2024 14:33;3;3;2;3;3;3;3;3;3;4;5;3;5;4;2;1;;;;;;;;;;;24;3;1;5;3;2;22;7;;3;3;;;2;;;;;;32;17;27;13;4;101;;11.11.2024 14:35;1;0;21;21;0;0;1,65
155;;;qnr2;interview;11.11.2024 14:34;3;3;3;3;3;3;3;3;;;;;;;;;3;3;3;3;3;3;3;3;3;3;25;1;1;6;3;1;22;7;;3;4;5;;;28;26;26;26;27;;19;41;47;4;256;;11.11.2024 14:38;1;0;21;21;0;0;1,18
156;;;qnr2;interview;11.11.2024 14:34;3;3;3;3;3;3;3;3;;;;;;;;;3;3;3;3;3;3;3;3;3;3;25;2;1;6;10;1;21;7;;5;5;;152396;;45;28;65;36;48;;11;36;2;4;247;;13.11.2024 08:59;1;0;21;21;0;0;1,03
158;;;qnr2;interview;11.11.2024 14:36;3;3;2;3;3;3;3;3;2;2;4;3;4;2;4;1;;;;;;;;;;;25;3;1;6;4;1;19;7;;7;8;;;7;;;;;;76;19;70;244700;;173;;11.11.2024 14:39;0;0;19;20;0;0;0,61
159;;;qnr2;interview;11.11.2024 14:36;3;3;2;2;3;3;4;2;4;4;4;2;4;2;3;2;;;;;;;;;;;26;3;1;6;5;1;19;7;;22;14;;;156664;;;;;;36;16;46;186;3;163;;13.11.2024 10:12;1;0;21;21;0;0;0,62
160;;;qnr2;interview;11.11.2024 14:37;;;;;;;;;;;;;;;;;;;;;;;;;;;26;1;1;6;2;;;;;8;3;;;;;;;;;;;;;;11;;11.11.2024 14:37;0;0;2;2;0;0;1,04
161;;;qnr2;interview;11.11.2024 14:37;3;3;3;3;3;3;3;3;;;;;;;;;3;3;3;3;3;3;3;3;3;3;26;2;1;6;7;2;19;7;;8;16;;29;;88;32;26;34;29;;20;61;93;2;375;;11.11.2024 14:44;1;0;21;21;0;0;0,81
163;;;qnr2;interview;11.11.2024 14:41;3;3;3;3;3;3;3;3;;;;;;;;;3;3;2;3;3;3;3;3;3;3;27;2;1;6;9;1;21;7;;5;3;;18;;46;25;31;35;27;;10;26;36;4;266;;11.11.2024 14:45;1;0;21;21;0;0;1,12
164;;;qnr2;interview;11.11.2024 14:42;3;3;2;3;3;3;3;3;2;3;4;5;3;4;4;1;;;;;;;;;;;27;3;1;6;8;1;21;7;;5;4;;;13;;;;;;42;14;52;25;2;157;;11.11.2024 14:45;1;0;21;21;0;0;1,09
165;;;qnr2;interview;11.11.2024 14:45;;;;;;;;;;;;;;;;;;;;;;;;;;;27;1;1;6;6;;;;;2;3;2;;;;;;;;;;;;;7;;11.11.2024 14:45;0;0;5;5;0;0;2,44
167;;;qnr2;interview;11.11.2024 14:47;3;3;2;3;3;3;4;3;1;1;4;4;2;5;2;1;;;;;;;;;;;33;3;1;8;1;1;20;7;;1936;5;;;11;;;;;;24;15;48;4;6;119;;11.11.2024 15:21;1;0;21;21;0;0;1,06
168;;;qnr2;interview;11.11.2024 14:48;3;3;2;2;3;3;4;3;;;;;;;;;3;3;3;3;3;3;3;3;3;3;28;2;1;7;2;1;20;7;;263;2;;260;;28;26;28;25;26;;14;43;26;1;244;;11.11.2024 15:00;1;0;21;21;0;0;1,17
169;;;qnr2;interview;11.11.2024 14:50;3;3;3;3;3;3;3;3;1;5;2;3;2;4;3;5;;;;;;;;;;;28;3;1;6;1;1;19;7;;89;8;;;12;;;;;;59;13;43;45;4;190;;11.11.2024 14:54;1;0;21;21;0;0;0,71
170;;;qnr2;interview;11.11.2024 14:51;3;3;2;3;3;3;4;3;;;;;;;;;3;3;3;3;3;3;3;3;3;3;28;1;1;7;5;1;21;7;;2;3;2;;;101;138;469;27;26;;12;16;4;2;189;;11.11.2024 15:05;1;0;21;21;0;0;1,59
171;;;qnr2;interview;11.11.2024 14:54;3;3;2;3;3;3;3;3;2;1;4;4;1;5;3;1;;;;;;;;;;;29;3;1;7;6;1;19;7;;2;3;;;2;;;;;;23;13;29;45;2;119;;11.11.2024 14:56;1;0;21;21;0;0;1,78
172;;;qnr2;interview;11.11.2024 14:55;3;3;2;3;3;3;3;3;;;;;;;;;3;3;3;3;3;3;3;3;3;3;29;2;1;7;9;1;19;7;;12;8;;27;;41;35;34;35;27;;18;34;52;7;330;;11.11.2024 15:00;1;0;21;21;0;0;0,78
174;;;qnr2;interview;11.11.2024 14:56;3;3;2;3;3;3;3;3;;;;;;;;;3;3;3;3;3;3;3;3;3;3;29;1;1;7;10;1;22;7;;15;2;4;;;28;26;27;26;26;;12;28;18;1;213;;11.11.2024 15:00;1;0;21;21;0;0;1,5
176;;;qnr2;interview;11.11.2024 14:57;3;3;3;3;3;3;3;3;;;;;;;;;3;3;3;3;3;3;3;3;3;3;30;1;1;7;7;1;24;7;;4;3;9;;;26;25;31;31;29;;53;49;96;3;323;;11.11.2024 15:03;1;0;21;21;0;0;1,01
177;;;qnr2;interview;11.11.2024 15:04;2;3;1;2;3;3;4;2;;;;;;;;;3;3;3;3;3;3;3;3;3;3;30;2;1;7;4;1;30;8;;4;4;;3;;26;26;44;34;26;;22;73;5;3;270;;11.11.2024 15:09;1;0;21;21;0;0;1,35
178;;;qnr2;interview;11.11.2024 15:07;;;;;;;;;;;;;;;;;;;;;;;;;;;30;3;1;7;1;;;;;19;3;;;3;;;;;;;;;;;25;;11.11.2024 15:07;0;0;9;9;0;0;1,33
180;;;qnr2;interview;11.11.2024 15:07;;;;;;;;;;;;;;;;;;;;;;;;;;;31;3;1;7;8;;;;;5;2;;;9;;;;;;;;;;;16;;11.11.2024 15:08;0;0;9;9;0;0;1,33
182;;;qnr2;interview;11.11.2024 15:10;;;;;;;;;;;;;;;;;;;;;;;;;;;31;1;1;7;3;;;;;2;2;;;;;;;;;;;;;;4;;11.11.2024 15:10;0;0;2;2;0;0;2,5
183;;;qnr2;interview;11.11.2024 15:12;3;3;2;3;3;3;3;3;;;;;;;;;3;3;3;3;3;3;3;3;3;2;31;2;1;8;4;1;19;7;;47;5;;38;;38;33;45;37;35;;19;53;87;11;407;;11.11.2024 15:19;1;0;21;21;0;0;0,65
184;;;qnr2;interview;11.11.2024 15:14;3;3;3;3;3;3;3;3;;;;;;;;;3;3;3;3;3;3;2;3;3;3;32;1;1;8;3;1;19;7;;8;2;25;;;44;30;29;32;27;;11;18;39;1;266;;11.11.2024 15:18;1;0;21;21;0;0;1,29
185;;;qnr2;interview;11.11.2024 15:14;3;3;2;2;3;3;4;2;;;;;;;;;3;2;3;3;3;3;3;3;3;3;32;2;1;8;2;1;21;7;;4;3;;7;;27;27;26;26;27;;23;43;2;2;217;;11.11.2024 15:18;1;0;21;21;0;0;1,49
186;;;qnr2;interview;11.11.2024 15:16;3;3;3;3;3;3;3;3;1;4;3;1;4;4;4;2;;;;;;;;;;;32;3;1;8;6;2;25;7;;14;3;;;11;;;;;;30;16;37;42;12;165;;11.11.2024 15:19;1;0;21;21;0;0;0,84
187;;;qnr2;interview;11.11.2024 15:19;;;;;;;;;;;;;;;;;;;;;;;;;;;33;1;1;8;9;;;;;4;1;3;;;;;;;;;;;;;8;;11.11.2024 15:19;0;0;5;5;0;0;2,5
188;;;qnr2;interview;11.11.2024 15:19;;;;;;;;;;;;;;;;;3;;;;3;3;;;;3;33;2;1;8;10;;;;;2;2;;1;;28;27;;;;;;;;;60;;11.11.2024 15:20;0;0;12;12;0;0;2,08
189;;;qnr2;interview;11.11.2024 15:20;3;3;2;3;3;3;4;3;1;4;5;4;4;4;2;1;;;;;;;;;;;34;3;1;8;8;1;22;7;;13;5;;;2;;;;;;15;10;41;32;3;121;;11.11.2024 15:22;1;0;21;21;0;0;1,43
190;;;qnr2;interview;11.11.2024 15:27;3;3;1;2;3;3;4;3;;;;;;;;;3;3;3;3;3;3;3;3;3;3;34;1;1;8;7;1;25;7;;26;18;38;;;52;38;28;28;42;;13;84;29;3;365;;11.11.2024 15:33;1;0;21;21;0;0;0,75
191;;;qnr2;interview;11.11.2024 15:32;3;3;2;3;3;3;3;3;;;;;;;;;3;3;3;3;3;3;3;3;3;3;34;2;1;8;5;1;19;7;;4;3;;24;;32;34;33;28;69;;14;36;48;3;286;;11.11.2024 15:37;1;0;21;21;0;0;1,02
193;;;qnr2;interview;11.11.2024 15:54;;;;;;;;;;;;;;;;;;;;;;;;;;;35;2;1;9;4;;;;;9;5;;;;;;;;;;;;;;14;;11.11.2024 15:55;0;0;2;2;0;0;0,73
197;;;qnr2;interview;11.11.2024 15:59;3;3;3;3;3;3;3;3;3;4;4;4;3;5;2;3;;;;;;;;;;;35;3;1;9;8;1;20;7;;7;7;;;14;;;;;;43;22;42;70;50;209;;11.11.2024 16:03;1;0;21;21;0;0;0,62
198;;;qnr2;interview;11.11.2024 16:07;2;3;2;2;3;3;4;2;;;;;;;;;3;3;3;3;3;3;3;3;3;3;35;1;1;9;2;1;20;7;;5;2;23;;;52;31;32;37;32;;36;58;2;2;293;;11.11.2024 16:12;1;0;21;21;0;0;1,16
199;;;qnr2;interview;11.11.2024 16:12;3;3;3;3;3;3;3;3;1;2;4;3;4;5;4;2;;;;;;;;;;;36;3;1;9;7;1;21;7;;3;3;;;1;;;;;;29;10;39;3;1;89;;11.11.2024 16:13;1;0;21;21;0;0;2,03
200;;;qnr2;interview;11.11.2024 16:15;3;3;2;2;3;3;3;2;;;;;;;;;2;1;2;3;1;3;2;3;3;3;36;1;1;9;9;2;22;7;;14;4;1774;;;34;28;62;26;26;;23;59;32;;285;;11.11.2024 16:49;0;0;20;20;0;0;0,77
201;;;qnr2;interview;11.11.2024 16:23;2;3;2;2;3;3;3;3;;;;;;;;;3;1;3;3;3;3;1;3;3;3;36;2;1;9;6;2;21;7;;8;6;;18;;41;26;30;26;29;;34;53;26;5;302;;11.11.2024 16:29;1;0;21;21;0;0;0,89
202;;;qnr2;interview;11.11.2024 16:27;3;3;3;3;3;3;3;3;3;2;4;4;3;5;2;2;;;;;;;;;;;37;3;1;9;10;1;21;7;;6;3;;;11;;;;;;24;15;32;56;;147;;11.11.2024 16:30;0;0;20;20;0;0;1,05
203;;;qnr2;interview;11.11.2024 16:40;3;3;3;3;3;3;3;3;;;;;;;;;3;2;2;2;3;3;2;3;3;3;37;1;1;9;5;1;21;7;;7;8;26;;;28;28;26;25;27;;18;29;22;11;255;;11.11.2024 16:44;1;0;21;21;0;0;0,95
204;;;qnr2;interview;11.11.2024 16:54;3;3;2;3;3;3;3;3;;;;;;;;;3;2;3;2;2;3;3;3;3;3;37;2;1;9;1;1;22;7;;5;3;;4;;30;29;25;26;26;;30;50;3;2;233;;11.11.2024 16:58;1;0;21;21;0;0;1,45
206;;;qnr2;interview;11.11.2024 17:09;3;3;3;2;3;3;4;3;;;;;;;;;3;1;3;2;2;3;1;2;2;2;38;1;1;9;3;1;20;7;;7;7;10;;;28;28;26;27;26;;18;36;28;;241;;11.11.2024 17:13;0;0;20;20;0;0;1,01
208;;;qnr2;interview;11.11.2024 17:15;;;;;;;;;;;;;;;;;;;;;;;;;;;38;3;1;10;1;;;;;6;2;;;3;;;;;;;;;;;11;;11.11.2024 17:15;0;0;9;9;0;0;1,78
209;;;qnr2;interview;11.11.2024 17:15;;;;;;;;;;;;;;;;;;;;;2;;;;;2;38;2;1;10;5;;;;;14;3;;2;;55;;;;;;;;;;74;;11.11.2024 17:16;0;0;11;11;0;0;1,36
210;;;qnr2;interview;11.11.2024 17:19;2;3;2;2;3;4;3;3;;;;;;;;;2;2;1;3;2;3;3;2;3;2;39;2;1;10;4;2;22;7;;9;3;;20;;85;40;28;30;27;;25;52;7;;326;;11.11.2024 17:24;0;0;20;20;0;0;1,05
211;;;qnr2;interview;11.11.2024 17:24;3;3;2;2;3;3;4;3;;;;;;;;;3;2;3;3;3;3;1;3;3;3;39;1;1;10;3;1;20;4;;14;5;11;;;38;56;26;26;144;;16;72;21;4;289;;11.11.2024 17:31;1;0;21;21;0;0;0,83
213;;;qnr2;interview;11.11.2024 17:40;3;3;2;3;3;3;3;3;3;2;4;4;3;2;1;1;;;;;;;;;;;39;3;1;10;2;1;22;8;;6;3;;;1;;;;;;38;40;55;5;;125;;11.11.2024 17:42;0;0;20;20;0;0;1,49
214;;;qnr2;interview;11.11.2024 17:41;3;3;1;2;3;4;5;3;;;;;;;;;3;3;2;3;3;3;3;3;2;3;40;2;1;10;6;1;19;7;;19;5;;24;;26;27;26;28;26;;22;99;26;2;274;;11.11.2024 17:47;1;0;21;21;0;0;0,99
215;;;qnr2;interview;11.11.2024 17:49;3;3;2;2;3;3;4;2;1;1;5;3;2;5;1;1;;;;;;;;;;;40;3;1;10;7;1;19;7;;3;2;;;1;;;;;;33;15;52;3;1;110;;11.11.2024 17:51;1;0;21;21;0;0;2
216;;;qnr2;interview;11.11.2024 17:50;3;3;3;3;3;3;3;3;;;;;;;;;3;3;3;3;3;3;3;3;3;3;41;1;1;10;8;1;22;7;;7;6;443;;;37;31;30;34;33;;50;38;55;14;312;;11.11.2024 18:03;1;0;21;21;0;0;0,69
217;;;qnr2;interview;11.11.2024 17:50;3;3;2;3;3;3;3;3;;;;;;;;;3;3;3;3;3;3;3;3;3;3;40;1;1;10;9;1;24;7;;2;2;5;;;26;25;26;26;25;;12;32;22;2;205;;11.11.2024 17:54;1;0;21;21;0;0;1,57
218;;;qnr2;interview;11.11.2024 17:51;3;3;2;3;3;3;4;3;;;;;;;;;3;3;3;3;3;3;3;3;3;3;41;2;1;10;10;1;25;8;;5;3;;10;;26;26;26;28;31;;11;24;3;2;195;;11.11.2024 17:54;1;0;21;21;0;0;1,52
219;;;qnr2;interview;11.11.2024 17:51;3;3;2;3;3;3;3;3;3;2;4;2;3;5;3;1;;;;;;;;;;;41;3;1;11;7;1;20;7;;13;3;;;13;;;;;;46;19;58;123;5;280;;11.11.2024 17:56;1;0;21;21;0;0;0,72
220;;;qnr2;interview;11.11.2024 17:54;3;3;3;3;3;3;3;3;;;;;;;;;3;3;3;3;3;3;3;3;3;3;42;2;1;11;9;1;22;7;;9;8;;22;;39;33;35;35;29;;16;112;55;2;326;;11.11.2024 18:00;1;0;21;21;0;0;0,86
222;;;qnr2;interview;11.11.2024 17:55;;;;;;;;;;;;;;;;;3;;;;3;3;;;;3;42;1;1;11;10;;;;;16;14;10;;;26;26;;;;;;;;;82;;11.11.2024 17:57;0;0;12;12;0;0;0,84
223;;;qnr2;interview;11.11.2024 17:55;3;3;3;2;3;3;4;3;2;3;5;4;2;5;3;1;;;;;;;;;;;42;3;1;11;3;1;22;7;;15;5;;;13;;;;;;46;19;51;54;6;209;;11.11.2024 17:59;1;0;21;21;0;0;0,67
224;;;qnr2;interview;11.11.2024 18:01;3;3;2;3;3;4;4;3;;;;;;;;;3;2;3;3;3;3;1;3;3;2;43;1;1;11;1;1;19;7;;4;3;23;;;34;37;36;29;30;;20;48;38;10;312;;11.11.2024 18:07;1;0;21;21;0;0;0,89
225;;;qnr2;interview;11.11.2024 18:05;2;3;2;2;3;4;4;2;2;2;3;1;5;4;3;2;;;;;;;;;;;43;3;1;11;2;1;22;7;;9;3;;;15;;;;;;29;20;43;52;8;179;;11.11.2024 18:08;1;0;21;21;0;0;0,81
226;;;qnr2;interview;11.11.2024 18:07;3;3;2;2;3;3;4;3;;;;;;;;;3;3;3;3;3;3;3;3;3;3;43;2;1;11;6;1;19;7;;7;2;;105;;26;35;29;30;35;;16;46;18;13;276;;11.11.2024 18:13;1;0;21;21;0;0;0,99
228;;;qnr2;interview;11.11.2024 18:15;3;3;3;3;3;3;3;3;;;;;;;;;3;2;3;3;3;3;3;3;3;3;44;2;1;11;4;1;22;7;;4;2;;2;;62;31;27;37;26;;18;23;43;3;278;;11.11.2024 18:20;1;0;21;21;0;0;1,31
229;;;qnr2;interview;11.11.2024 18:16;2;3;2;2;3;3;4;2;;;;;;;;;3;2;3;3;3;3;2;3;3;3;44;1;1;11;5;1;19;7;;3;4;2;;;28;26;26;26;26;;22;52;3;2;220;;11.11.2024 18:20;1;0;21;21;0;0;1,52
230;;;qnr2;interview;11.11.2024 18:21;3;3;3;3;3;3;3;3;1;5;4;4;4;5;2;2;;;;;;;;;;;44;3;1;11;8;1;19;7;;7;4;;;13;;;;;;61;19;38;50;4;196;;11.11.2024 18:25;1;0;21;21;0;0;0,82
231;;;qnr2;interview;11.11.2024 18:26;3;3;3;3;3;3;3;3;;;;;;;;;2;3;3;3;3;3;3;3;3;3;45;2;1;12;7;1;23;7;;14;7;;42;;27;26;60;46;26;;21;38;72;;329;;11.11.2024 18:32;0;0;20;20;0;0;0,76
232;;;qnr2;interview;11.11.2024 18:26;3;3;2;3;3;3;3;3;1;4;5;3;3;4;4;2;;;;;;;;;;;45;3;1;12;8;1;20;7;;14;4;;;17;;;;;;34;16;40;17;2;144;;11.11.2024 18:29;1;0;21;21;0;0;1,08
233;;;qnr2;interview;11.11.2024 18:28;3;3;3;3;3;3;3;3;;;;;;;;;3;3;3;3;3;3;3;3;3;3;45;1;1;12;6;1;22;7;;7;4;11;;;32;29;32;29;33;;21;149;5;;246;;11.11.2024 18:34;0;0;20;20;0;0;1,06
234;;;qnr2;interview;11.11.2024 18:32;;;;;;;;;;;;;;;;;;;;;;;;;;;46;2;1;12;9;;;;;5;4;;3207;;;;;;;;;;;;28;;11.11.2024 19:25;0;0;7;7;0;0;0,74
235;;;qnr2;interview;11.11.2024 18:36;3;3;3;3;3;3;3;3;;;;;;;;;3;3;3;3;3;3;3;3;3;3;46;1;1;12;3;1;22;7;;16;26;45;;;49;26;26;26;27;;26;98;66;;409;;11.11.2024 18:43;0;0;20;20;0;0;0,66
236;;;qnr2;interview;11.11.2024 18:41;3;3;3;3;3;3;3;3;3;5;2;1;4;5;2;1;;;;;;;;;;;46;3;1;12;2;2;23;8;;3;3;;;7;;;;;;32;30;39;70;8;192;;11.11.2024 18:44;1;0;21;21;0;0;0,99
237;;;qnr2;interview;11.11.2024 18:42;3;3;3;3;3;3;3;3;;;;;;;;;3;2;3;3;3;3;2;3;3;3;47;1;1;12;5;1;22;7;;4;3;24;;;74;36;32;30;37;;24;46;24;2;336;;11.11.2024 18:48;1;0;21;21;0;0;0,99
238;;;qnr2;interview;11.11.2024 18:48;;;;;;;;;;;;;;;;;;;;;;;;;;;47;2;1;12;1;;;;;5;4;;;;;;;;;;;;;;9;;11.11.2024 18:48;0;0;2;2;0;0;1,1
239;;;qnr2;interview;11.11.2024 18:55;3;3;3;3;3;3;3;3;1;4;2;1;2;5;1;4;;;;;;;;;;;47;3;1;12;4;1;21;7;;7;4;;;8;;;;;;52;13;75;66;4;229;;11.11.2024 18:59;1;0;21;21;0;0;0,84
240;;;qnr2;interview;11.11.2024 19:01;3;3;2;3;3;3;3;3;1;3;4;5;4;2;5;2;;;;;;;;;;;48;3;1;12;10;1;22;7;;9;4;;;2;;;;;;39;14;24;42;8;142;;11.11.2024 19:03;1;0;21;21;0;0;1,21
241;;;qnr2;interview;11.11.2024 19:17;3;3;3;3;3;3;3;3;;;;;;;;;3;3;3;3;3;3;3;3;3;3;48;1;1;13;2;1;22;7;;6;9;10;;;26;49;26;26;26;;19;21;22;2;222;;11.11.2024 19:21;1;0;21;21;0;0;1,16
244;;;qnr2;interview;11.11.2024 19:34;3;3;2;2;3;3;4;3;;;;;;;;;2;2;3;3;3;2;2;3;3;2;48;2;1;13;5;1;18;7;;5;2;;10;;26;27;31;27;34;;11;34;37;3;247;;11.11.2024 19:38;1;0;21;21;0;0;1,27
245;;;qnr2;interview;11.11.2024 19:36;3;3;2;3;3;3;3;3;;;;;;;;;3;3;3;3;3;3;3;3;3;3;49;1;1;13;3;1;19;7;;6;10;49;;;41;31;26;27;30;;22;33;67;3;339;;11.11.2024 19:41;1;0;21;21;0;0;0,86
247;;;qnr2;interview;11.11.2024 19:41;3;3;3;3;3;3;3;3;;;;;;;;;3;3;3;3;3;3;3;3;3;3;49;2;1;13;9;1;29;7;;5;47;;357;;70;27;29;26;26;;20;59;55;10;350;;11.11.2024 19:53;1;0;21;21;0;0;0,71
248;;;qnr2;interview;11.11.2024 19:43;2;3;2;2;3;4;4;3;2;4;5;3;3;4;1;1;;;;;;;;;;;49;3;1;13;6;1;21;7;;5;11;;;11;;;;;;29;17;119;18;2;129;;11.11.2024 19:46;1;0;21;21;0;0;1,04
249;;;qnr2;interview;11.11.2024 19:51;3;3;2;2;3;3;4;2;;;;;;;;;2;2;2;3;3;3;3;3;3;3;50;1;1;13;1;1;22;8;;9;5;9;;;27;26;26;26;26;;16;44;18;2;234;;11.11.2024 19:54;1;0;21;21;0;0;1,16
250;;;qnr2;interview;11.11.2024 19:56;3;3;3;3;3;3;3;3;;;;;;;;;3;2;2;2;3;3;2;3;2;3;50;2;1;13;8;1;23;8;;7;4;;31;;42;40;41;30;27;;33;54;47;9;365;;11.11.2024 20:02;1;0;21;21;0;0;0,75
252;;;qnr2;interview;11.11.2024 20:14;3;3;3;3;3;3;3;3;1;4;3;4;5;4;5;3;;;;;;;;;;;50;3;1;13;4;2;19;7;;4;7;;;8;;;;;;40;15;26;113;2;215;;11.11.2024 20:18;1;0;21;21;0;0;1,1
255;;;qnr2;interview;11.11.2024 20:28;3;3;3;3;3;3;3;3;;;;;;;;;3;3;3;3;3;3;2;3;3;3;51;1;1;13;10;1;21;7;;17;6;54;;;36;35;33;35;34;;13;30;20;3;316;;11.11.2024 20:34;1;0;21;21;0;0;0,92
256;;;qnr2;interview;11.11.2024 20:32;3;3;2;3;3;3;3;3;1;5;5;2;4;5;4;2;;;;;;;;;;;51;3;1;13;7;1;21;7;;3;4;;;2;;;;;;39;24;28;2;2;104;;11.11.2024 20:34;1;0;21;21;0;0;1,76
257;;;qnr2;interview;11.11.2024 20:34;3;3;2;2;3;3;4;3;;;;;;;;;3;2;3;3;2;3;3;3;3;2;51;2;1;14;10;1;21;7;;7;3;;25;;31;27;36;27;28;;10;38;5;2;239;;11.11.2024 20:38;1;0;21;21;0;0;1,32
259;;;qnr2;interview;11.11.2024 21:08;3;3;3;3;3;3;3;3;1;1;5;1;3;3;4;2;;;;;;;;;;;52;3;1;14;4;2;22;7;;2;3;;;2;;;;;;27;11;20;5;4;74;;11.11.2024 21:10;1;0;21;21;0;0;2,03
260;;;qnr2;interview;11.11.2024 21:13;3;3;2;3;3;3;5;3;;;;;;;;;3;3;3;3;3;3;3;3;3;3;52;1;1;14;9;2;28;7;;6;5;2;;;84;29;28;27;26;;25;99;69;8;352;;11.11.2024 21:19;1;0;21;21;0;0;0,94
261;;;qnr2;interview;11.11.2024 21:46;3;3;3;2;3;3;3;3;;;;;;;;;3;3;3;3;3;3;3;3;3;3;52;2;1;14;1;1;24;8;;13;4;;31;;44;40;42;34;35;;21;50;64;13;391;;11.11.2024 21:52;1;0;21;21;0;0;0,69
262;;;qnr2;interview;11.11.2024 21:53;2;3;1;2;4;4;5;2;4;2;5;4;5;3;3;3;;;;;;;;;;;53;3;1;14;5;2;18;7;;3;3;;;1;;;;;;25;15;27;2;4;80;;11.11.2024 21:55;1;0;21;21;0;0;1,8
263;;;qnr2;interview;11.11.2024 22:10;3;3;2;3;3;3;3;3;;;;;;;;;3;3;3;3;3;3;1;3;3;3;53;1;1;14;7;1;19;7;;2;2;3;;;35;27;26;26;26;;13;40;2;2;204;;11.11.2024 22:13;1;0;21;21;0;0;1,72
264;;;qnr2;interview;11.11.2024 22:10;3;3;2;2;3;3;3;2;;;;;;;;;3;3;3;3;3;2;3;3;3;3;53;2;1;14;8;1;59;8;;5;14;;9;;30;26;26;26;26;;18;50;24;3;247;;11.11.2024 22:14;1;0;21;21;0;0;1,12
265;;;qnr2;interview;11.11.2024 22:10;3;3;3;3;3;3;3;3;2;4;5;4;1;4;3;2;;;;;;;;;;;54;3;1;14;6;1;21;7;;5;3;;;9;;;;;;40;18;41;14;10;140;;11.11.2024 22:13;1;0;21;21;0;0;1,08
267;;;qnr2;interview;11.11.2024 22:11;;;;;;;;;;;;;;;;;;;;;;;;;;;54;1;1;14;3;;;;;8;3;;;;;;;;;;;;;;11;;11.11.2024 22:11;0;0;2;2;0;0;1,04
268;;;qnr2;interview;11.11.2024 22:11;3;3;3;3;3;3;3;3;;;;;;;;;3;3;3;3;3;3;3;3;3;3;54;2;1;14;2;1;21;7;;1;3;;22;;41;29;26;26;55;;21;29;49;6;280;;11.11.2024 22:16;1;0;21;21;0;0;1,11
270;;;qnr2;interview;11.11.2024 22:16;3;3;3;3;3;3;3;3;;;;;;;;;3;3;3;3;3;3;3;3;3;3;55;1;1;15;1;2;60;8;;35;10;32;;;52;43;27;30;26;;25;68;56;90305;373;;12.11.2024 23:28;0;0;21;21;0;0;0,59
271;;;qnr2;interview;11.11.2024 22:22;3;3;3;3;3;3;3;3;;;;;;;;;3;3;3;3;3;3;3;3;3;3;55;2;1;15;3;2;28;7;;3;4;;2;;48;154;32;31;621;;16;24;31;7;254;;11.11.2024 22:38;1;0;21;21;0;0;1,09
272;;;qnr2;interview;11.11.2024 22:23;3;3;3;3;3;3;3;3;1;3;4;3;4;4;4;2;;;;;;;;;;;55;3;1;15;5;1;21;7;;19;10;;;18;;;;;;37;37;47;45;9;196;;11.11.2024 22:27;1;0;21;21;0;0;0,56
273;;;qnr2;interview;11.11.2024 22:47;3;3;2;3;3;3;3;3;1;2;5;4;3;4;1;1;;;;;;;;;;;56;3;1;15;10;1;21;7;;3;3;;;2;;;;;;33;17;58;4;6;126;;11.11.2024 22:49;1;0;21;21;0;0;1,59
274;;;qnr2;interview;11.11.2024 22:47;3;3;3;3;3;3;3;3;;;;;;;;;3;2;3;3;3;3;3;3;3;3;56;2;1;15;7;1;19;7;;9;4;;11;;57;27;27;36;33;;22;51;8;4;289;;11.11.2024 22:52;1;0;21;21;0;0;1,11
277;;;qnr2;interview;11.11.2024 23:16;3;3;2;3;3;3;3;3;;;;;;;;;3;3;3;3;3;3;1;3;1;3;56;1;1;15;2;1;18;7;;2;3;4;;;28;30;26;27;27;;13;40;28;1;229;;11.11.2024 23:20;1;0;21;21;0;0;1,55
278;;;qnr2;interview;11.11.2024 23:19;3;3;3;3;3;3;3;3;2;3;4;3;5;5;2;2;;;;;;;;;;;57;3;1;15;8;1;21;7;;11;3;;;8;;;;;;43;20;51;22;3;161;;11.11.2024 23:21;1;0;21;21;0;0;0,98
279;;;qnr2;interview;11.11.2024 23:22;2;3;2;2;3;3;4;2;;;;;;;;;3;3;3;3;3;3;3;3;3;3;57;2;1;15;6;1;24;7;;5;5;;19;;49;41;27;26;26;;22;59;12;3;294;;11.11.2024 23:27;1;0;21;21;0;0;1,07
280;;;qnr2;interview;11.11.2024 23:24;1;4;1;1;4;4;5;2;;;;;;;;;3;1;3;3;3;3;2;3;3;3;57;1;1;15;9;2;22;6;;3;10;7;;;80;42;26;26;37;;28;82;9;18;348;;11.11.2024 23:30;1;0;21;21;0;0;1,02
281;;;qnr2;interview;11.11.2024 23:26;3;3;2;3;3;3;3;3;;;;;;;;;3;2;2;3;2;3;3;3;3;3;58;2;1;15;4;2;26;8;;9;4;;9;;33;26;26;26;32;;22;98;84;6;375;;11.11.2024 23:32;1;0;21;21;0;0;0,93
282;;;qnr2;interview;11.11.2024 23:32;;;;;;;;;;;;;;;;;3;3;2;2;3;3;3;3;3;3;58;1;1;16;6;;;;;2;3;2;;;30;27;28;26;26;;;;;;144;;11.11.2024 23:35;0;0;15;15;0;0;1,59
283;;;qnr2;interview;11.11.2024 23:40;3;3;3;3;3;3;3;3;1;2;3;4;3;5;4;1;;;;;;;;;;;58;3;1;16;3;1;20;7;;5;3;;;5;;;;;;24;11;22;;;70;;11.11.2024 23:41;0;0;19;19;0;0;1,47
284;;;qnr2;interview;11.11.2024 23:58;3;3;3;3;3;3;3;3;2;3;4;4;4;5;4;2;;;;;;;;;;;59;3;1;16;2;1;22;7;;12;7;;;7;;;;;;47;22;71;46;6;218;;12.11.2024 00:02;1;0;21;21;0;0;0,68
285;;;qnr2;interview;12.11.2024 00:09;3;3;3;3;3;3;3;3;;;;;;;;;3;3;3;3;3;3;2;3;3;3;59;2;1;16;4;1;21;7;;18;3;;7;;26;26;26;27;26;;21;28;27;6;241;;12.11.2024 00:13;1;0;21;21;0;0;1,18
286;;;qnr2;interview;12.11.2024 07:54;3;3;2;2;3;3;3;3;;;;;;;;;3;3;3;3;3;3;2;3;3;3;59;1;1;16;9;1;20;7;;4;3;4;;;37;29;27;25;31;;18;40;39;3;260;;12.11.2024 07:59;1;0;21;21;0;0;1,2
287;;;qnr2;interview;12.11.2024 08:41;3;3;3;3;3;3;3;3;1;4;5;5;2;4;3;1;;;;;;;;;;;60;3;1;16;5;2;20;7;;6;2;;;9;;;;;;26;15;33;29;4;124;;12.11.2024 08:43;1;0;21;21;0;0;1,19
289;;;qnr2;interview;12.11.2024 09:18;3;3;1;2;3;3;4;2;;;;;;;;;3;3;2;3;3;3;3;3;3;3;60;2;1;16;8;1;20;7;;8;7;;21;;105;35;26;26;46;;16;54;39;5;301;;12.11.2024 09:24;1;0;21;21;0;0;0,79
291;;;qnr2;interview;12.11.2024 09:56;3;3;1;2;3;3;4;2;;;;;;;;;3;3;3;3;3;3;3;3;3;3;60;1;1;16;7;1;22;7;;5;3;11;;;28;26;26;26;25;;14;38;16;2;220;;12.11.2024 10:00;1;0;21;21;0;0;1,27
292;;;qnr2;interview;12.11.2024 10:07;3;3;2;3;3;3;4;3;4;4;4;4;3;3;3;3;;;;;;;;;;;61;3;1;16;10;1;18;8;;3;3;;;3;;;;;;26;22;33;2;3;95;;12.11.2024 10:09;1;0;21;21;0;0;1,67
293;;;qnr2;interview;12.11.2024 10:08;3;3;3;3;3;3;3;3;;;;;;;;;3;3;3;3;3;3;3;3;3;3;61;1;1;16;1;1;22;7;;5;3;21;;;27;26;26;26;27;;17;31;23;3;235;;12.11.2024 10:12;1;0;21;21;0;0;1,13
294;;;qnr2;interview;12.11.2024 10:10;3;3;1;3;3;3;3;3;;;;;;;;;3;1;3;3;1;3;3;3;3;2;61;2;1;17;1;2;18;7;;12;4;;17;;66;27;48;59;26;;33;92;51;5;389;;12.11.2024 10:17;1;0;21;21;0;0;0,72
295;;;qnr2;interview;12.11.2024 10:12;2;3;2;2;4;4;4;2;2;5;5;5;4;4;2;1;;;;;;;;;;;62;3;1;17;6;1;19;7;;8;3;;;1;;;;;;38;15;113;4;2;114;;12.11.2024 10:15;1;0;21;21;0;0;1,56
297;;;qnr2;interview;12.11.2024 10:13;3;3;2;3;3;3;3;3;;;;;;;;;3;3;3;3;3;3;2;3;3;3;62;1;1;17;5;1;20;7;;33;11;37;;;47;33;34;37;37;;23;68;57;;383;;12.11.2024 10:20;0;0;20;20;0;0;0,61
298;;;qnr2;interview;12.11.2024 10:32;;;;;;;;;;;;;;;;;;;;;;;;;;;62;2;1;17;3;;;;;10;5;;;;;;;;;;;;;;15;;12.11.2024 10:32;0;0;2;2;0;0;0,7
301;;;qnr2;interview;12.11.2024 10:33;3;3;3;3;3;3;3;3;;;;;;;;;3;3;3;3;3;2;2;3;3;3;63;2;1;17;7;1;22;7;;16;3;;8;;26;30;49;33;36;;11;19;27;;238;;12.11.2024 10:37;0;0;20;20;0;0;1,23
303;;;qnr2;interview;12.11.2024 11:03;3;3;3;3;3;3;3;3;1;2;5;3;5;3;3;1;;;;;;;;;;;63;3;1;17;10;1;21;7;;12;4;;;12;;;;;;57;21;76;72;7;261;;12.11.2024 11:07;1;0;21;21;0;0;0,63
304;;;qnr2;interview;12.11.2024 11:06;3;3;2;3;3;3;4;2;;;;;;;;;2;3;2;3;3;3;3;3;3;3;63;1;1;17;4;2;26;7;;4;6;14;;;31;34;26;29;27;;16;44;3;5;239;;12.11.2024 11:10;1;0;21;21;0;0;1,15
305;;;qnr2;interview;12.11.2024 11:37;3;3;2;3;3;3;3;3;1;1;4;3;4;3;1;1;;;;;;;;;;;64;3;1;17;8;1;21;7;;2;3;;;5;;;;;;27;89;24;28;2;108;;12.11.2024 11:40;1;0;21;21;0;0;1,5
306;;;qnr2;interview;12.11.2024 11:39;3;3;3;3;3;3;3;3;;;;;;;;;3;3;3;3;3;3;2;3;3;3;64;2;1;17;2;2;65;8;;30;12;;23;;61;50;44;33;31;;32;59;53;;375;;12.11.2024 11:46;0;0;20;20;0;0;0,61
308;;;qnr2;interview;12.11.2024 12:39;;;;;;;;;;;;;;;;;;;;;;;;;;;64;1;1;17;9;;;;;5;5;;;;;;;;;;;;;;10;;12.11.2024 12:39;0;0;2;2;0;0;1
309;;;qnr2;interview;12.11.2024 12:41;;;;;;;;;;;;;;;;;;-9;;;;;-9;;;;65;1;1;18;7;;;;;12;2;5;;;52;;;;;;;;;;71;;12.11.2024 12:42;0;0;11;11;67;66;1,3
310;;;qnr2;interview;12.11.2024 12:43;;;;;;;;;;;;;;;;;;;;;;;;;;;65;2;1;18;4;;;;;20;2;;227;;;;;;;;;;;;41;;12.11.2024 12:47;0;0;7;7;0;0;0,79
311;;;qnr2;interview;12.11.2024 12:49;3;3;3;3;3;3;3;3;2;3;4;5;1;4;1;3;;;;;;;;;;;65;3;1;18;1;1;23;7;;4;3;;;11;;;;;;25;13;38;21;2;117;;12.11.2024 12:51;1;0;21;21;0;0;1,33
312;;;qnr2;interview;12.11.2024 13:47;3;3;3;3;3;3;3;3;;;;;;;;;3;3;3;3;3;3;3;3;3;3;66;1;1;18;9;2;25;8;;5;4;74;;;44;49;39;32;34;;14;42;98;;351;;12.11.2024 13:54;0;0;20;20;0;0;0,79
313;;;qnr2;interview;12.11.2024 13:55;;;;;;;;;;;;;;;;;;;-9;;;;;-9;;;66;2;1;18;8;;;;;3;3;;2;;27;;;;;;;;;;35;;12.11.2024 13:55;0;0;11;11;67;66;1,93
315;;;qnr2;interview;12.11.2024 14:48;3;3;2;3;3;3;3;3;2;3;4;4;3;5;5;1;;;;;;;;;;;66;3;1;18;6;1;19;7;;6;4;;;11;;;;;;38;15;45;47;4;170;;12.11.2024 14:51;1;0;21;21;0;0;0,9
316;;;qnr2;interview;12.11.2024 14:50;3;3;3;3;3;3;3;3;;;;;;;;;3;1;3;2;1;3;2;3;3;3;67;2;1;18;3;1;27;7;;7;6;;12;;29;32;57;61;27;;16;65;29;11;290;;12.11.2024 14:56;1;0;21;21;0;0;0,86
318;;;qnr2;interview;12.11.2024 16:47;3;3;3;3;3;3;4;2;1;4;4;2;3;4;3;2;;;;;;;;;;;67;3;1;18;10;1;21;7;;5;3;;;2;;;;;;26;12;36;64;3;151;;12.11.2024 16:49;1;0;21;21;0;0;1,4
319;;;qnr2;interview;12.11.2024 17:58;;;;;;;;;;;;;;;;;;3;;;;;2;;;;67;1;1;18;2;;;;;18;6;4;;;71;;;;;;;;;;99;;12.11.2024 18:00;0;0;11;11;0;0;1,01
320;;;qnr2;interview;12.11.2024 18:00;3;3;2;3;3;3;3;3;;;;;;;;;3;3;3;3;3;3;2;3;3;3;68;1;1;18;5;1;22;8;;2;2;7;;;655;31;27;26;27;;24;54;26;1;264;;12.11.2024 18:15;1;0;21;21;0;0;1,34
322;;;qnr2;interview;12.11.2024 19:01;3;3;2;3;3;3;3;3;;;;;;;;;3;3;3;3;3;3;3;3;3;3;68;2;1;19;9;1;19;7;;3;3;;7;;42;34;28;77;28;;14;48;39;7;280;;12.11.2024 19:07;1;0;21;21;0;0;1,13
325;;;qnr2;interview;12.11.2024 20:38;2;3;1;2;3;3;4;2;3;4;5;3;4;1;3;1;;;;;;;;;;;68;3;1;19;4;2;21;7;;81;6;;;2;;;;;;37;12;63;56;15;197;;12.11.2024 20:42;1;0;21;21;0;0;0,94
327;;;qnr2;interview;13.11.2024 09:26;2;3;1;2;3;3;4;2;;;;;;;;;3;2;3;3;3;3;2;3;3;3;69;2;1;19;2;1;20;8;;21;14;;38;;50;32;32;27;28;;26;118;48;10;359;;13.11.2024 09:33;1;0;21;21;0;0;0,63
328;;;qnr2;interview;13.11.2024 10:06;;;;;;;;;;;;;;;;;3;2;2;3;3;3;2;3;3;3;69;1;1;19;7;;;;;6;3;3;;;144;69;43;26;26;;;;;;173;;13.11.2024 10:12;0;0;15;15;0;0;1,09
329;;;qnr2;interview;13.11.2024 10:10;3;3;2;3;3;3;3;3;1;4;4;2;1;1;1;3;;;;;;;;;;;69;3;1;19;6;1;27;8;;9;6;;;6;;;;;;37;21;82;4;8;173;;13.11.2024 10:13;1;0;21;21;0;0;1,03
331;;;qnr2;interview;13.11.2024 10:23;3;3;2;3;3;3;3;3;;;;;;;;;3;3;3;3;3;3;3;3;3;3;70;1;1;19;8;1;28;8;;33;8;4;;;50;27;26;26;29;;32;40;4;3;255;;13.11.2024 10:28;1;0;21;21;0;0;1,17
332;;;qnr2;interview;13.11.2024 11:00;3;3;2;2;3;3;4;2;;;;;;;;;2;1;3;3;1;3;2;3;3;3;70;2;1;19;5;1;21;7;;4;3;;83;;59;28;26;26;28;;15;38;16;7;269;;13.11.2024 11:05;1;0;21;21;0;0;1,04
333;;;qnr2;interview;13.11.2024 11:30;3;3;3;3;3;3;3;3;1;2;2;4;4;5;3;2;;;;;;;;;;;70;3;1;19;3;1;30;9;Bachelor of Science;4;3;;;2;;;;;;77;28;28;63;13;174;;13.11.2024 11:34;1;0;21;21;0;0;1,15
334;;;qnr2;interview;13.11.2024 11:52;3;3;3;3;3;3;3;3;1;3;4;5;3;5;3;1;;;;;;;;;;;71;3;1;19;1;1;20;7;;24;5;;;270;;;;;;85;25;45;12;3;136;;13.11.2024 12:00;1;0;21;21;0;0;0,86
335;;;qnr2;interview;13.11.2024 14:22;3;3;2;2;3;3;4;3;;;;;;;;;3;3;3;3;3;3;3;3;3;3;71;1;1;19;10;1;19;7;;12;4;34;;;37;30;27;44;28;;14;48;56;7;324;;13.11.2024 14:27;1;0;21;21;0;0;0,8
336;;;qnr2;interview;13.11.2024 15:48;3;3;3;3;3;3;3;3;;;;;;;;;3;2;3;3;3;3;3;3;3;3;71;2;1;20;6;1;22;8;;17;6;;353;;59;30;40;29;32;;15;80;7;5;339;;13.11.2024 15:59;1;0;21;21;0;0;0,89
338;;;qnr2;interview;13.11.2024 15:52;3;3;2;3;3;3;4;3;3;2;4;4;3;3;2;1;;;;;;;;;;;72;3;1;20;1;1;19;7;;6;7;;;8;;;;;;24;17;39;64;8;173;;13.11.2024 15:55;1;0;21;21;0;0;0,86
339;;;qnr2;interview;13.11.2024 16:01;;;;;;;;;;;;;;;;;;;;;;;;;;;72;2;1;20;3;;;;;3;3;;2;;;;;;;;;;;;8;;13.11.2024 16:02;0;0;7;7;0;0;2,11
340;;;qnr2;interview;13.11.2024 16:02;3;3;3;3;3;3;3;3;;;;;;;;;3;3;3;3;1;3;3;3;3;3;72;1;1;20;9;1;22;8;;4;3;2;;;40;29;29;31;26;;22;15;3;1;205;;13.11.2024 16:05;1;0;21;21;0;0;1,69
342;;;qnr2;interview;13.11.2024 16:42;2;4;2;2;3;3;4;2;;;;;;;;;3;3;3;3;3;3;3;3;3;3;73;1;1;20;7;1;21;7;;9;4;23;;;30;28;29;28;27;;18;48;29;5;278;;13.11.2024 16:47;1;0;21;21;0;0;0,91
343;;;qnr2;interview;13.11.2024 18:10;3;3;2;3;3;3;3;3;2;3;5;4;2;5;4;3;;;;;;;;;;;73;3;1;20;8;1;19;7;;2;3;;;1;;;;;;24;11;23;4;1;69;;13.11.2024 18:11;1;0;21;21;0;0;2,27
344;;;qnr2;interview;13.11.2024 18:51;3;3;2;3;3;3;4;3;;;;;;;;;3;3;3;3;3;3;3;2;3;3;73;2;1;20;2;1;18;7;;14;7;;47;;46;39;40;123;26;;23;83;46;9;407;;13.11.2024 18:59;1;0;21;21;0;0;0,6
345;;;qnr2;interview;13.11.2024 20:49;3;3;2;2;3;3;3;3;;;;;;;;;3;3;3;3;3;3;3;3;3;3;74;2;1;20;5;1;25;8;;3;4;;3;;47;33;33;27;42;;20;49;4;1;266;;13.11.2024 20:53;1;0;21;21;0;0;1,49
349;;;qnr2;interview;14.11.2024 10:08;3;3;2;2;3;3;3;3;;;;;;;;;3;3;3;3;3;3;3;3;3;3;74;1;1;20;4;1;19;7;;13;4;2;;;26;29;48;26;26;;18;37;28;2;240;;14.11.2024 10:12;1;0;21;21;0;0;1,22
350;;;qnr2;interview;14.11.2024 13:00;2;3;2;3;3;3;4;2;2;3;5;4;4;5;3;1;;;;;;;;;;;74;3;1;20;10;1;21;7;;5;4;;;13;;;;;;26;14;74;41;14;191;;14.11.2024 13:04;1;0;21;21;0;0;0,85
352;;;qnr2;interview;14.11.2024 21:37;2;3;3;2;3;3;3;3;;;;;;;;;2;3;2;3;3;3;2;3;3;3;75;1;1;21;1;2;21;7;;2;4;37;;;167;54;40;34;39;;28;103;84;2;379;;14.11.2024 21:47;1;0;21;21;0;0;0,88
353;;;qnr2;interview;14.11.2024 21:42;3;3;3;3;3;3;3;3;;;;;;;;;3;3;3;3;3;3;3;3;3;3;75;2;1;21;7;1;21;7;;10;3;;3;;52;32;27;27;27;;15;35;9;3;243;;14.11.2024 21:46;1;0;21;21;0;0;1,36
354;;;qnr2;interview;15.11.2024 00:29;3;3;3;2;3;3;4;3;1;2;4;4;2;5;2;1;;;;;;;;;;;75;3;1;21;6;1;21;7;;12;4;;;11;;;;;;41;30;67;55;7;227;;15.11.2024 00:33;1;0;21;21;0;0;0,66
355;;;qnr2;interview;15.11.2024 10:51;3;3;2;3;3;3;3;3;4;3;5;4;5;5;4;1;;;;;;;;;;;76;3;1;21;5;1;21;7;;5;3;;;9;;;;;;24;17;28;52;9;147;;15.11.2024 10:54;1;0;21;21;0;0;1,03
356;;;qnr2;interview;15.11.2024 11:04;3;3;2;3;3;3;4;3;;;;;;;;;3;3;3;3;2;3;3;3;3;3;76;2;1;21;3;1;23;7;;4;2;;591;;122;26;32;36;29;;19;36;3;2;245;;15.11.2024 11:19;1;0;21;21;0;0;1,22
357;;;qnr2;interview;15.11.2024 11:17;2;3;2;1;4;3;4;3;;;;;;;;;3;3;3;3;3;3;3;3;3;3;76;1;1;21;2;1;21;7;;5;3;3;;;27;26;26;26;26;;10;40;31;9;232;;15.11.2024 11:21;1;0;21;21;0;0;1,28
358;;;qnr2;interview;15.11.2024 18:29;3;3;3;3;3;3;3;3;;;;;;;;;3;3;2;3;2;3;3;3;3;3;77;1;1;21;9;2;20;7;;13;2;24;;;38;28;26;31;60;;25;59;67;8;348;;15.11.2024 18:36;1;0;21;21;0;0;0,8
359;;;qnr2;interview;16.11.2024 09:51;3;3;3;3;3;3;3;3;;;;;;;;;3;2;3;3;3;3;2;3;3;3;77;2;1;21;8;1;19;7;;8;4;;241;;42;31;32;27;34;;12;28;48;8;293;;16.11.2024 09:59;1;0;21;21;0;0;0,87
360;;;qnr2;interview;16.11.2024 18:50;3;3;3;3;3;3;3;3;4;4;4;4;2;3;2;2;;;;;;;;;;;77;3;1;21;10;1;55;4;;7;4;;;2;;;;;;28;16;43;8;4;112;;16.11.2024 18:52;1;0;21;21;0;0;1,51
361;;;qnr2;interview;17.11.2024 14:08;;;;;;;;;;;;;;;;;;;;;;;;;;;78;3;1;21;4;;;;;3;3;;;1;;;;;;;;;;;7;;17.11.2024 14:08;0;0;9;9;0;0;2,11
362;;;qnr2;interview;17.11.2024 14:08;;;;;;;;;;;;;;;;;;;;;;;;;;;78;2;1;22;5;;;;;3;2;;2;;;;;;;;;;;;7;;17.11.2024 14:08;0;0;7;7;0;0;2,33
363;;;qnr2;interview;17.11.2024 14:08;;;;;;;;;;;;;;;;;;3;;;;;3;;;;78;1;1;22;2;;;;;2;2;1;;;25;;;;;;;;;;30;;17.11.2024 14:09;0;0;11;11;0;0;2,37
364;;;qnr2;interview;17.11.2024 19:31;2;3;2;2;3;3;3;2;;;;;;;;;3;3;3;3;3;3;3;3;3;3;79;2;1;22;8;1;21;7;;12;4;;3;;27;27;26;26;26;;12;33;11;4;211;;17.11.2024 19:35;1;0;21;21;0;0;1,37
365;;;qnr2;interview;18.11.2024 21:29;2;3;2;2;3;3;3;2;;;;;;;;;3;3;2;3;3;3;3;3;3;3;79;1;1;22;1;2;23;7;;10;10;32;;;33;32;29;27;27;;16;51;29;9;299;;18.11.2024 21:34;1;0;21;21;0;0;0,81
366;;;qnr2;interview;19.11.2024 09:44;3;3;2;2;3;3;4;2;2;2;5;2;4;2;4;2;;;;;;;;;;;79;3;1;22;3;1;20;7;;3;2;;;1;;;;;;17;7;25;2;2;59;;19.11.2024 09:45;1;0;21;21;0;0;2,26
368;;;qnr2;interview;19.11.2024 11:09;3;3;2;2;3;3;4;3;2;2;5;1;4;5;4;1;;;;;;;;;;;80;3;1;22;7;1;21;7;;26;3;;;11;;;;;;25;12;33;34;8;132;;19.11.2024 11:11;1;0;21;21;0;0;0,95
369;;;qnr2;interview;19.11.2024 11:12;2;3;2;2;3;3;4;3;;;;;;;;;3;2;3;3;3;3;2;3;3;3;80;2;1;22;6;1;21;7;;3;4;;19;;27;34;33;37;33;;14;25;4;3;236;;19.11.2024 11:16;1;0;21;21;0;0;1,33
370;;;qnr2;interview;19.11.2024 15:12;3;3;3;3;3;3;3;3;;;;;;;;;3;3;3;3;3;3;3;3;3;3;80;1;1;22;9;1;21;7;;10;6;51;;;64;43;69;37;37;;17;46;36;6;382;;19.11.2024 15:19;1;0;21;21;0;0;0,67
371;;;qnr2;interview;20.11.2024 11:58;3;3;3;3;3;3;3;3;2;1;5;4;3;5;3;1;;;;;;;;;;;81;3;1;22;10;1;21;7;;4;2;;;2;;;;;;18;15;58;51;9;159;;20.11.2024 12:01;1;0;21;21;0;0;1,4
372;;;qnr2;interview;20.11.2024 12:14;3;3;2;3;3;3;3;3;;;;;;;;;3;2;3;3;3;3;2;3;3;3;81;1;1;22;4;1;24;7;;3;11;53;;;44;43;51;26;36;;15;53;3;1;310;;20.11.2024 12:19;1;0;21;21;0;0;1,2
373;;;qnr2;interview;20.11.2024 14:59;3;3;3;3;3;3;3;3;;;;;;;;;3;1;2;2;1;3;3;3;3;3;81;2;1;23;6;2;22;7;;7;14;;25;;31;32;27;32;26;;22;73;29;4;312;;20.11.2024 15:04;1;0;21;21;0;0;0,86
374;;;qnr2;interview;20.11.2024 16:59;3;3;2;3;3;3;4;3;2;3;4;4;2;4;3;1;;;;;;;;;;;82;3;1;23;9;1;22;7;;4;3;;;2;;;;;;30;15;26;31;3;114;;20.11.2024 17:01;1;0;21;21;0;0;1,5
375;;;qnr2;interview;21.11.2024 13:08;3;3;3;3;3;3;3;3;;;;;;;;;3;2;2;3;3;3;1;3;3;3;82;1;1;23;8;2;21;8;;6;2;6;;;28;27;28;27;33;;13;15;12;3;200;;21.11.2024 13:11;1;0;21;21;0;0;1,49
376;;;qnr2;interview;21.11.2024 14:53;;;;;;;;;;;;;;;;;;;;;;;;;;;82;2;1;23;3;;;;;7;5;;338823;;;;;;;;;;;;31;;25.11.2024 13:00;0;0;7;7;0;0;0,55
377;;;qnr2;interview;21.11.2024 15:25;3;3;2;2;3;3;3;3;;;;;;;;;3;3;3;3;3;3;3;3;3;3;83;2;1;23;2;1;41;8;;2;3;;2;;27;27;26;26;26;;14;34;5;2;194;;21.11.2024 15:28;1;0;21;21;0;0;1,7
378;;;qnr2;interview;22.11.2024 13:45;3;3;2;2;4;3;4;2;;;;;;;;;3;1;3;3;1;3;1;3;3;2;83;1;1;23;1;2;22;7;;8;14;28;;;229;33;42;37;38;;21;196;2;1;294;;22.11.2024 13:56;1;0;21;21;0;0;0,97
379;;;qnr2;interview;22.11.2024 23:32;3;3;3;3;3;3;4;3;2;3;4;2;5;3;3;1;;;;;;;;;;;83;3;1;23;5;2;23;7;;6;4;;;3;;;;;;95;32;123;68;1;190;;22.11.2024 23:38;1;0;21;21;0;0;1,12
384;;;qnr2;interview;27.11.2024 15:02;;;;;;;;;;;;;;;;;;;;;;;;;;;84;2;1;23;4;;;;;4;2;;;;;;;;;;;;;;6;;27.11.2024 15:03;0;0;2;2;0;0;1,75
385;;;qnr2;interview;27.11.2024 15:11;2;3;2;3;3;3;4;3;2;4;5;4;3;5;2;2;;;;;;;;;;;84;3;1;23;10;1;19;7;;8;3;;;7;;;;;;14;12;39;17;2;102;;27.11.2024 15:13;1;0;21;21;0;0;1,46
386;;;qnr2;interview;27.11.2024 21:51;2;4;2;2;4;3;3;2;;;;;;;;;2;3;2;3;3;3;2;3;3;3;84;1;1;23;7;2;18;7;;11;10;99;;;58;46;41;31;30;;26;128;69;14;366;;27.11.2024 22:00;1;0;21;21;0;0;0,54
387;;;qnr2;interview;27.11.2024 22:22;3;3;2;2;4;4;3;2;4;3;4;2;3;2;2;2;;;;;;;;;;;85;3;1;24;1;2;18;7;;51;5;;;13;;;;;;37;21;35;226;12;158;;27.11.2024 22:28;1;0;21;21;0;0;0,61
391;;;qnr2;interview;02.12.2024 15:39;3;3;3;3;3;3;3;3;;;;;;;;;3;2;3;3;3;3;2;3;3;3;85;2;1;24;7;1;21;7;;17;3;;3;;27;30;45;26;26;;15;32;38;9;271;;02.12.2024 15:44;1;0;21;21;0;0;1,12
